{"val_loss": [2.9550868612277084, 2.7719496274983473, 1.1646361596516281, 1.5382852941164027, 0.7110113395456358], "val_acc": [0.26434245367160997, 0.371285672256546, 0.6482789056130668, 0.6023830538569005, 0.7909679317621667], "loss": [2.4627076878365233, 1.1988225977637046, 0.7386469921711047, 0.578053807088254, 0.5014423722594797], "acc": [0.2679161002182641, 0.6334045445625007, 0.7752184890131044, 0.8249174596847064, 0.8484365896128478]}