{"val_loss": [12.691774701609194, 13.762360162053188, 14.528729014903105, 8.462951862082548, 9.401934267598483, 14.145169824177675, 15.321949338450015, 7.567591697196814, 1.7674066136955828, 2.2159815655276507, 2.4896969785231566, 9.231371498933854, 3.9018495781486897, 2.2806847174006655, 2.3362528265714997, 2.6862023600009164, 2.6418982935958675, 15.047588917394707, 2.6547514697836583, 2.44906950142565, 12.143099299736955, 2.1038348796539323, 6.759267347916045, 8.064186823617083, 2.7259833257876624], "val_acc": [0.05501618122977346, 0.050750220653133275, 0.04295380994410121, 0.16122388937922918, 0.14092380112674385, 0.05133862900853192, 0.03133274492497794, 0.23815828185198623, 0.61223889375722, 0.5357458075904677, 0.4902912621183864, 0.23506913794668746, 0.39732274198293616, 0.5812003529924055, 0.6020888496090574, 0.5610473668901456, 0.567372756693145, 0.042218299499852896, 0.5873786407240912, 0.6293027360988526, 0.13562812597199586, 0.6521035598705501, 0.3493674610530183, 0.3177405119328051, 0.5610473668726096], "loss": [2.3032794781855457, 1.2736434741028537, 0.8442962006796538, 0.6100648215220353, 0.4435183039334798, 0.3303584616087923, 0.2485233586513781, 0.19606463176795733, 0.15089897195745103, 0.12713762515550633, 0.10236692970691318, 0.09467116546968878, 0.07471594673426411, 0.07600735814380609, 0.06979072679186543, 0.0609561516633657, 0.0591387091793813, 0.05475729843654038, 0.04890885160334089, 0.04897373077233721, 0.04487818761817875, 0.04221000334902351, 0.04325240374705379, 0.04586824405005798, 0.04777225401968047], "acc": [0.367818993997935, 0.6523791027476565, 0.7658186055660525, 0.8286851815956036, 0.8749077490844364, 0.9059429015389089, 0.9305302000457881, 0.9472324723270384, 0.9603806564404586, 0.9666537191502491, 0.9736647892817869, 0.9757622839386288, 0.9818605554291382, 0.9812196543041214, 0.9823072441065512, 0.985026218664718, 0.9852204311539952, 0.9862497572158929, 0.9883084093813619, 0.9877646144882501, 0.9893765779763061, 0.9899980578753156, 0.9892988929704083, 0.98834725187505, 0.9879976694318572]}